{"is_source_file": false, "format": "", "description": "", "external_files": [], "external_methods": [], "published": [], "classes": [], "methods": [], "calls": [], "search-terms": [], "state": 2, "file_id": 6, "knowledge_revision": 10, "git_revision": "ca8ba8f592223d5e5dd618520a2e92572e5c54b5", "hash": "ee63333a4841bf025439c755a74c9881", "format-version": 4, "code-base-name": "food_delivery_database", "filename": "food_delivery_database/db_visualizer/public/index.html", "revision_history": [{"10": "ca8ba8f592223d5e5dd618520a2e92572e5c54b5"}]}