{"is_source_file": true, "format": "bash", "description": "A shell script for initializing and starting a PostgreSQL database server, setting up the database, user credentials, permissions, and environment configuration.", "external_files": ["/usr/lib/postgresql/", "/var/lib/postgresql/data", "db_connection.txt", "db_visualizer/postgres.env"], "external_methods": ["ls", "sudo", "pg_isready", "pgrep", "psql", "initdb", "createdb"], "published": [], "classes": [], "methods": [{"name": "echo", "description": "Outputs messages to the terminal."}, {"name": "sleep", "description": "Pauses execution for a specified number of seconds."}], "calls": ["ls", "sudo -u postgres pg_isready", "sudo -u postgres psql", "sudo -u postgres initdb", "sudo -u postgres createdb", "sudo -u postgres psql"], "search-terms": ["PostgreSQL startup script", "database initialization", "pg_isready check", "create user permissions", "bash database setup"], "state": 2, "file_id": 3, "knowledge_revision": 12, "git_revision": "ca8ba8f592223d5e5dd618520a2e92572e5c54b5", "hash": "fa2aa67ea0a7c72f7c0958282f15a864", "format-version": 4, "code-base-name": "food_delivery_database", "filename": "food_delivery_database/startup.sh", "revision_history": [{"12": "ca8ba8f592223d5e5dd618520a2e92572e5c54b5"}]}