{"is_source_file": true, "format": "bash", "description": "This script automates database backups for multiple database types (SQLite, PostgreSQL, MySQL, MongoDB). It detects the running database and performs appropriate backup commands, supporting various configurations such as different users, ports, and socket connections.", "external_files": ["/usr/lib/postgresql/", "/var/run/mysqld/mysqld.sock"], "external_methods": ["ls", "cp", "sudo -u postgres pg_isready", "pg_dump", "mysqladmin ping", "mysql", "mysqldump", "mongosh", "mongodump"], "published": [], "classes": [], "methods": [], "calls": ["ls /usr/lib/postgresql/", "cp \"${DB_NAME}\" \"database_backup.db\"", "sudo -u postgres ${PG_BIN}/pg_isready", "pg_dump", "mysqladmin ping", "mysql -h localhost -P ${DB_PORT} -u ${DB_USER} -p${DB_PASSWORD}", "mysqldump", "mysql -h localhost -P ${DB_PORT} -u root -p${DB_PASSWORD}", "sudo mysql --socket=/var/run/mysqld/mysqld.sock", "sudo mysqldump --socket=/var/run/mysqld/mysqld.sock", "mongosh --port ${DB_PORT}", "mongodump --port ${DB_PORT}"], "search-terms": ["backup_db.sh", "database backup", "SQLite", "PostgreSQL", "MySQL", "MongoDB", "database detection", "database dump", "credentials", "mysqldump", "pg_dump"], "state": 2, "file_id": 2, "knowledge_revision": 14, "git_revision": "ca8ba8f592223d5e5dd618520a2e92572e5c54b5", "hash": "7af9aa35fa4940f934d83f6e2621b732", "format-version": 4, "code-base-name": "food_delivery_database", "filename": "food_delivery_database/backup_db.sh", "revision_history": [{"14": "ca8ba8f592223d5e5dd618520a2e92572e5c54b5"}]}