{"is_source_file": false, "format": "", "description": "", "external_files": [], "external_methods": [], "published": [], "classes": [], "methods": [], "calls": [], "search-terms": [], "state": 2, "file_id": 7, "knowledge_revision": 9, "git_revision": "ca8ba8f592223d5e5dd618520a2e92572e5c54b5", "hash": "0c9f36dfd1a6dee9fa952c06ab7d9563", "format-version": 4, "code-base-name": "food_delivery_database", "filename": "food_delivery_database/db_visualizer/package.json", "revision_history": [{"9": "ca8ba8f592223d5e5dd618520a2e92572e5c54b5"}]}