{"is_source_file": true, "format": "bash script", "description": "A universal database restore script that detects backup type and restores databases accordingly. Supports SQLite, PostgreSQL, MySQL, and MongoDB backups.", "external_files": ["database_backup.db", "database_backup.sql", "database_backup.archive"], "external_methods": ["ls", "cp", "sudo -u postgres pg_isready", "psql", "mysqladmin ping", "mysql", "mongosh", "mongorestore"], "published": [], "classes": [], "methods": [], "calls": ["ls /usr/lib/postgresql/", "sudo -u postgres pg_isready -p ${DB_PORT}", "psql -h localhost -p ${DB_PORT} -U ${DB_USER} -d postgres < database_backup.sql", "mysqladmin ping -h localhost -P ${DB_PORT} --silent", "mysqladmin ping --socket=/var/run/mysqld/mysqld.sock --silent", "mysql -h localhost -P ${DB_PORT} -u ${DB_USER} -p${DB_PASSWORD} -e \"SELECT 1\"", "mysql -h localhost -P ${DB_PORT} -u root -p${DB_PASSWORD} -e \"SELECT 1\"", "sudo mysql --socket=/var/run/mysqld/mysqld.sock -u root -p${DB_PASSWORD} -e \"SELECT 1\"", "mongosh --port ${DB_PORT} --eval \"db.adminCommand('ping')\"", "mongorestore --port ${DB_PORT} --archive=database_backup.archive --drop --quiet"], "search-terms": ["restore_db.sh", "database restore", "SQLite backup", "PostgreSQL restore", "MySQL restore", "MongoDB restore", "database backup files", "database detection", "bash restore script"], "state": 2, "file_id": 4, "knowledge_revision": 13, "git_revision": "ca8ba8f592223d5e5dd618520a2e92572e5c54b5", "hash": "67505395c0df4c9c001ab8f47571f3fb", "format-version": 4, "code-base-name": "food_delivery_database", "filename": "food_delivery_database/restore_db.sh", "revision_history": [{"13": "ca8ba8f592223d5e5dd618520a2e92572e5c54b5"}]}