{"is_source_file": false, "format": "", "description": "", "external_files": [], "external_methods": [], "published": [], "classes": [], "methods": [], "calls": [], "search-terms": [], "state": 2, "file_id": 1, "knowledge_revision": 11, "git_revision": "228e8b0c7c486cd0946e61d8f3b41d0854c8d2db", "hash": "0d2c845f4bf794023bc3af668fba6ebc", "format-version": 4, "code-base-name": "food_delivery_database", "filename": "README.md", "revision_history": [{"11": "228e8b0c7c486cd0946e61d8f3b41d0854c8d2db"}]}